Scenario Nickname,Scenario,Bargraph Label,"Number of ATPs, nf, ATP","Number of NAD(P)H, nf, NADH","Number of Ferredoxin (Fd), nf, Fd",Number of CO2 Released per Fuel Molecule,"Number of Primary Fixation Needed to Make Fuel, nP","Number of Carbon per Primary Fixation Product, nCp","Number of Carbon Atoms per Fuel Molecule, nCf ",Number of CO2 Fixed per Fuel Molecule,"Electrons Carried by Primary Fixation Product, nep","Energy Density of Fuel Molecule (J molecule-1), Efuel",Molecular Weight (g),Input Solar Power (W),Total Available Electrical Power (W),CO2 Fixation Method,Electrode to Microbe Mediator,Mediator Potential (V vs. SHE),Bio-cell Anode Half-reaction Thermodynamic Potential (V vs. SHE),Bio-cell Anode Half-reaction Bias Voltage (V),Bio-cell Cathode Half-reaction Thermodynamic Potential (V vs. SHE),Bio-cell Cathode Half-reaction Bias Voltage (V vs. SHE),Bio-cell Ohmic Voltage Drop (V),"Bio-cell Voltage (V), ΔV2",Bio-cell Faradaic Efficiency,"Membrane Potential (mV), ΔVmembrane","Acceptor Voltage (V vs. SHE), Vacceptor","Menaquinone Voltage (V. vs. SHE), VQ","Mtr Complex Voltage (V vs. SHE), VMtr",Scale for Dependent Variable,Scale for Independent Variable,"Scale Up Mode (Simple, Stirring with Fixed Density, None, Diffusion with Fixed Density)",Electrochemical-cell Anode Half-reaction Thermodynamic Potential (V vs. SHE),Electrochemical-cell Anode Half-reaction Bias Voltage (V vs. SHE),Electrochemical-cell Cathode Half-reaction Thermodynamic Potential (V vs. SHE),Electrochemical-cell Cathode Half-reaction Bias Voltage (V),Electrochemical Ohmic Voltage Drop (V),"Electrochemical-cell Voltage (V), ΔV1",Faradaic Efficiency in First Cell
Nickname,Scenario,BargraphLabel,ATPforFuel,NADHforFuel,FdForFuel,carbonsReleasedPerFuel,primaryFixPerFuel,carbonsPerPrimaryFix,carbonsPerFuel,carbonsFixedPerFuel,electronsPerPrimaryFix,energyPerFuelMolecule,molecularWeightFuelMolecule,totalInputPower,totalElectricalPower,CO2Method,Mediator,vMediator,voltageCellTwoAnode,voltageCellTwoAnodeBias,voltageCellTwoCathode,voltageCellTwoCathodeBias,voltageCellTwoOhmic,voltageCellTwo,efficiencyCurrentToSecondCell,voltageMembrane,vAcceptor,vQuinone,vMtr,dependentVariableScale,independentVariableScale,scaleUpMode,voltageCellOneAnode,voltageCellOneAnodeBias,voltageCellOneCathode,voltageCellOneCathodeBias,voltageCellOneOhmic,voltageCellOne,efficiencyCurrentToFirstCell
P1a-CBB-Form,,1. P1a-CBB-Form,14,12,0,0,NA,NA,4,4,NA,4.43E-18,74.12,1000,330,Enzymatic,LoP,-0.43,,,,,,2.2,0.903,"[80, 140, 270]",0.82,NA,NA,Logarithmic,Linear,None,NA,NA,NA,NA,NA,NA,NA
P1b-FDH-CBB-Form,,2. P1b-FDH-CBB-Form,14,8,0,0,4,1,4,NA,2,4.43E-18,74.12,1000,330,Electrochemical,LoP,-0.43,,,,,,2.2,0.903,"[80, 140, 270]",0.82,NA,NA,Logarithmic,Linear,None,,,,,,2.2,0.903
P2a-Form-Glyc-Form,,3. P2b-Form-Glyc-Form,16,4,0,4,8,1,4,NA,2,4.43E-18,74.12,1000,330,Electrochemical,LoP,-0.43,,,,,,2.2,0.903,"[80, 140, 270]",0.82,NA,NA,Logarithmic,Linear,None,,,,,,2.2,0.903
P2b-Form-Glyc-R-Form,,4. P2a-Form-Glyc-R-Form,16,8,0,0,4,1,4,NA,2,4.43E-18,74.12,1000,330,Electrochemical,LoP,-0.43,,,,,,2.2,0.903,"[80, 140, 270]",0.82,NA,NA,Logarithmic,Linear,None,,,,,,2.2,0.903
P3a-Form-DHA-Form,,5. P3b-Form-DHA-Form,12,6,0,2,6,1,4,NA,2,4.43E-18,74.12,1000,330,Electrochemical,LoP,-0.43,,,,,,2.2,0.903,"[80, 140, 270]",0.82,NA,NA,Logarithmic,Linear,None,,,,,,2.2,0.903
P3b-Form-DHA-R-Form,,6. P3a-Form-DHA-R-Form,12,8,0,0,4,1,4,NA,2,4.43E-18,74.12,1000,330,Electrochemical,LoP,-0.43,,,,,,2.2,0.903,"[80, 140, 270]",0.82,NA,NA,Logarithmic,Linear,None,,,,,,2.2,0.903
P4-rGly-Gly-Form,,7. P4-rGly-Gly-Form,4,8,0,0,4,1,4,NA,2,4.43E-18,74.12,1000,330,Electrochemical,LoP,-0.43,,,,,,2.2,0.903,"[80, 140, 270]",0.82,NA,NA,Logarithmic,Linear,None,,,,,,2.2,0.903
P5-rGly-Ser-Form,,8. P5-rGly-Ser-Form,4,8,0,0,4,1,4,NA,2,4.43E-18,74.12,1000,330,Electrochemical,LoP,-0.43,,,,,,2.2,0.903,"[80, 140, 270]",0.82,NA,NA,Logarithmic,Linear,None,,,,,,2.2,0.903
P6-FDH-WL-Form,,9. P6-FDH-WL-Form,2,8,0,0,4,1,4,NA,2,4.43E-18,74.12,1000,330,Electrochemical,LoP,-0.43,,,,,,2.2,0.903,"[80, 140, 270]",0.82,NA,NA,Logarithmic,Linear,None,,,,,,2.2,0.903
P1a-CBB-EEU,,10. P1a-CBB-EEU,14,12,0,0,NA,NA,4,4,NA,4.43E-18,74.12,1000,330,Enzymatic,EEU,NA,,,,,,1.59,1.0,"[80, 140, 270]",0.82,-0.0885,-0.1,Logarithmic,Linear,None,NA,NA,NA,NA,NA,NA,NA
P1b-FDH-CBB-EEU,,11. P1b-FDH-CBB-EEU,14,8,0,0,4,1,4,NA,2,4.43E-18,74.12,1000,330,Electrochemical,EEU,NA,,,,,,1.59,1.0,"[80, 140, 270]",0.82,-0.0885,-0.1,Logarithmic,Linear,None,,,,,,2.2,0.903
P2a-Form-Glyc-EEU,,12. P2b-Form-Glyc-EEU,16,4,0,4,8,1,4,NA,2,4.43E-18,74.12,1000,330,Electrochemical,EEU,NA,,,,,,1.59,1.0,"[80, 140, 270]",0.82,-0.0885,-0.1,Logarithmic,Linear,None,,,,,,2.2,0.903
P2b-Form-Glyc-R-EEU,,13. P2a-Form-Glyc-R-EEU,16,8,0,0,4,1,4,NA,2,4.43E-18,74.12,1000,330,Electrochemical,EEU,NA,,,,,,1.59,1.0,"[80, 140, 270]",0.82,-0.0885,-0.1,Logarithmic,Linear,None,,,,,,2.2,0.903
P3a-Form-DHA-EEU,,14. P3b-Form-DHA-EEU,12,6,0,2,6,1,4,NA,2,4.43E-18,74.12,1000,330,Electrochemical,EEU,NA,,,,,,1.59,1.0,"[80, 140, 270]",0.82,-0.0885,-0.1,Logarithmic,Linear,None,,,,,,2.2,0.903
P3b-Form-DHA-R-EEU,,15. P3a-Form-DHA-R-EEU,12,8,0,0,4,1,4,NA,2,4.43E-18,74.12,1000,330,Electrochemical,EEU,NA,,,,,,1.59,1.0,"[80, 140, 270]",0.82,-0.0885,-0.1,Logarithmic,Linear,None,,,,,,2.2,0.903
P4-rGly-Gly-EEU,,16. P4-rGly-Gly-EEU,4,8,0,0,4,1,4,NA,2,4.43E-18,74.12,1000,330,Electrochemical,EEU,NA,,,,,,1.59,1.0,"[80, 140, 270]",0.82,-0.0885,-0.1,Logarithmic,Linear,None,,,,,,2.2,0.903
P5-rGly-Ser-EEU,,17. P5-rGly-Ser-EEU,4,8,0,0,4,1,4,NA,2,4.43E-18,74.12,1000,330,Electrochemical,EEU,NA,,,,,,1.59,1.0,"[80, 140, 270]",0.82,-0.0885,-0.1,Logarithmic,Linear,None,,,,,,2.2,0.903
P6-FDH-WL-EEU,,18. P6-FDH-WL-EEU,2,8,0,0,4,1,4,NA,2,4.43E-18,74.12,1000,330,Electrochemical,EEU,NA,,,,,,1.59,1.0,"[80, 140, 270]",0.82,-0.0885,-0.1,Logarithmic,Linear,None,,,,,,2.2,0.903
P1a-CBB-H2,,19. P1a-CBB-H_2,14,12,0,0,NA,NA,4,4,NA,4.43E-18,74.12,1000,330,Enzymatic,H2,-0.41,,,,,,2,1.0,"[80, 140, 270]",0.82,NA,NA,Logarithmic,Linear,None,NA,NA,NA,NA,NA,NA,NA
P1b-FDH-CBB-H2,,20. P1b-FDH-CBB-H_2,14,8,0,0,4,1,4,NA,2,4.43E-18,74.12,1000,330,Electrochemical,H2,-0.41,,,,,,2,1.0,"[80, 140, 270]",0.82,NA,NA,Logarithmic,Linear,None,,,,,,2.2,0.903
P2a-Form-Glyc-H2,,21. P2b-Form-Glyc-H_2,16,4,0,4,8,1,4,NA,2,4.43E-18,74.12,1000,330,Electrochemical,H2,-0.41,,,,,,2,1.0,"[80, 140, 270]",0.82,NA,NA,Logarithmic,Linear,None,,,,,,2.2,0.903
P2b-Form-Glyc-R-H2,,22. P2a-Form-Glyc-R-H_2,16,8,0,0,4,1,4,NA,2,4.43E-18,74.12,1000,330,Electrochemical,H2,-0.41,,,,,,2,1.0,"[80, 140, 270]",0.82,NA,NA,Logarithmic,Linear,None,,,,,,2.2,0.903
P3a-Form-DHA-H2,,23. P3b-Form-DHA-H_2,12,6,0,2,6,1,4,NA,2,4.43E-18,74.12,1000,330,Electrochemical,H2,-0.41,,,,,,2,1.0,"[80, 140, 270]",0.82,NA,NA,Logarithmic,Linear,None,,,,,,2.2,0.903
P3b-Form-DHA-R-H2,,24. P3a-Form-DHA-R-H_2,12,8,0,0,4,1,4,NA,2,4.43E-18,74.12,1000,330,Electrochemical,H2,-0.41,,,,,,2,1.0,"[80, 140, 270]",0.82,NA,NA,Logarithmic,Linear,None,,,,,,2.2,0.903
P4-rGly-Gly-H2,,25. P4-rGly-Gly-H_2,4,8,0,0,4,1,4,NA,2,4.43E-18,74.12,1000,330,Electrochemical,H2,-0.41,,,,,,2,1.0,"[80, 140, 270]",0.82,NA,NA,Logarithmic,Linear,None,,,,,,2.2,0.903
P5-rGly-Ser-H2,,26. P5-rGly-Ser-H_2,4,8,0,0,4,1,4,NA,2,4.43E-18,74.12,1000,330,Electrochemical,H2,-0.41,,,,,,2,1.0,"[80, 140, 270]",0.82,NA,NA,Logarithmic,Linear,None,,,,,,2.2,0.903
P6-FDH-WL-H2,,27. P6-FDH-WL-H_2,2,8,0,0,4,1,4,NA,2,4.43E-18,74.12,1000,330,Electrochemical,H2,-0.41,,,,,,2,1.0,"[80, 140, 270]",0.82,NA,NA,Logarithmic,Linear,None,,,,,,2.2,0.903