scenario,label,effTotalElectricalFuelMassEfficiency,effTotalElectricalFuelMassEfficiency_lowerError,effTotalElectricalFuelMassEfficiency_upperError,
P5-rGly-Ser-Form-SotA,"8. P5-rGly-Ser-Form-SotA",82458.25914024527,3171.4715053940454,422.86286738589115
P5-rGly-Ser-EEU-SotA,"17. P5-rGly-Ser-EEU-SotA",75046.35724278455,2759.6991777573276,2257.9356908923946
P5-rGly-Ser-H2-SotA,"26. P5-rGly-Ser-H_{2}-SotA",72234.58826922045,2603.489790337131,347.1319720449392
P5-rGly-Ser-Form-Ind1,"8. P5-rGly-Ser-Form-Ind1",120545.14371697872,4636.351681422268,618.1802241896366
P5-rGly-Ser-EEU-Ind1,"17. P5-rGly-Ser-EEU-Ind1",86765.39865101023,2759.6991777573276,2257.9356908923946
P5-rGly-Ser-H2-Ind1,"26. P5-rGly-Ser-H_{2}-Ind1",83953.62967744612,2603.4897903371457,347.1319720449683
P5-rGly-Ser-Form-Ind2,"8. P5-rGly-Ser-Form-Ind2",133501.1709156198,5134.660419831518,684.6213893108652
P5-rGly-Ser-EEU-Ind2,"17. P5-rGly-Ser-EEU-Ind2",90751.86855828439,2759.699177757342,2257.93569089238
P5-rGly-Ser-H2-Ind2,"26. P5-rGly-Ser-H_{2}-Ind2",87940.0995847203,2603.4897903371166,347.1319720449392
P5-rGly-Ser-Form-Ind3,"8. P5-rGly-Ser-Form-Ind3",222349.82384141244,8551.916301592777,1140.2555068790389
P5-rGly-Ser-EEU-Ind3,"17. P5-rGly-Ser-EEU-Ind3",118089.91561237443,2759.699177757342,2257.9356908923946
P5-rGly-Ser-H2-Ind3,"26. P5-rGly-Ser-H_{2}-Ind3",115278.14663881034,2603.489790337131,347.1319720449683
P5-rGly-Ser-Form-Ind4,"8. P5-rGly-Ser-Form-Ind4",320429.5126568756,12324.212025264394,1643.228270035237
P5-rGly-Ser-EEU-Ind4,"17. P5-rGly-Ser-EEU-Ind4",148268.28140174772,2759.699177757342,2257.9356908923946
P5-rGly-Ser-H2-Ind4,"26. P5-rGly-Ser-H_{2}-Ind4",145456.51242818363,2603.489790337073,347.1319720449392
