scenario,label,effTotalElectricalToFuel,effTotalElectricalToFuel_lowerError,effTotalElectricalToFuel_upperError,
P5-rGly-Ser-Form-SotA,"8. P5-rGly-Ser-Form-SotA",0.4365008193237865,0.016166697011992026,0.0022500042233186135
P5-rGly-Ser-EEU-SotA,"17. P5-rGly-Ser-EEU-SotA",0.4796115227590315,0.017011317446126162,0.014877805451912751
P5-rGly-Ser-H2-SotA,"26. P5-rGly-Ser-H_{2}-SotA",0.4982806511000357,0.0173343386347935,0.002406110244507209
P5-rGly-Ser-Form-Ind1,"8. P5-rGly-Ser-Form-Ind1",0.2985860447372013,0.011058742397674182,0.0015391033233876361
P5-rGly-Ser-EEU-Ind1,"17. P5-rGly-Ser-EEU-Ind1",0.4148323898044015,0.012787616353572395,0.011083812315127561
P5-rGly-Ser-H2-Ind1,"26. P5-rGly-Ser-H_{2}-Ind1",0.4287259265980206,0.012895341014279305,0.001780058732889056
P5-rGly-Ser-Form-Ind2,"8. P5-rGly-Ser-Form-Ind2",0.2696088538240599,0.009985513104594834,0.001389736359917737
P5-rGly-Ser-EEU-Ind2,"17. P5-rGly-Ser-EEU-Ind2",0.39660998992669766,0.011704693757039752,0.010119562128195814
P5-rGly-Ser-H2-Ind2,"26. P5-rGly-Ser-H_{2}-Ind2",0.409291072499354,0.011768752883368039,0.0016220253863910572
P5-rGly-Ser-Form-Ind3,"8. P5-rGly-Ser-Form-Ind3",0.16187598916382182,0.005995407006067488,0.0008344123152774496
P5-rGly-Ser-EEU-Ind3,"17. P5-rGly-Ser-EEU-Ind3",0.3047939994544167,0.006960218707692645,0.0059414097057174375
P5-rGly-Ser-H2-Ind3,"26. P5-rGly-Ser-H_{2}-Ind3",0.31222828197874997,0.0068957572104519915,0.0009430389139585271
P5-rGly-Ser-Form-Ind4,"8. P5-rGly-Ser-Form-Ind4",0.11232766100815604,0.004160283741042811,0.0005790085618977148
P5-rGly-Ser-EEU-Ind4,"17. P5-rGly-Ser-EEU-Ind4",0.2427565581420835,0.004435834150263551,0.0037540401274897828
P5-rGly-Ser-H2-Ind4,"26. P5-rGly-Ser-H_{2}-Ind4",0.2474492002721506,0.004351151268961934,0.0005919502143927058
